,Company Name,Size,Sector:,Location
0,Working at Onebright Ltd,500–999 employees,Health & Medicine,"York, United Kingdom"
1,Working at Onebright Ltd,500–999 employees,Health & Medicine,"York, United Kingdom"
2,Working at Roc Search Limited,100–249 employees,Recruitment Consultancy,
3,Working at NonStop Consulting Ltd,100–249 employees,Recruitment Consultancy,
4,Working at Harnham,100–249 employees,Recruitment Consultancy,
5,Working at Lloyd Recruitment Services Ltd,10–19 employees,Recruitment Consultancy,"East Grinstead, United Kingdom"
6,Working at NonStop Consulting Ltd,100–249 employees,Recruitment Consultancy,
7,Working at Proactive Appointments,20–49 employees,Recruitment Consultancy,
8,Working at MRJ Recruitment,5–9 employees,IT & Telecoms,"Manchester, United Kingdom"
9,Working at Morgan Hunt UK Limited,100–249 employees,Recruitment Consultancy,"London, United Kingdom"
10,Working at Your Prime Recruitment,1–4 employees,Sales,"Manchester, United Kingdom"
11,Working at Onebright Ltd,500–999 employees,Health & Medicine,"York, United Kingdom"
12,Working at Onebright Ltd,500–999 employees,Health & Medicine,"York, United Kingdom"
13,Working at Your Prime Recruitment,1–4 employees,Sales,"Manchester, United Kingdom"
14,Working at The Language Business,1–4 employees,Recruitment Consultancy,
15,Working at Proactive Appointments,20–49 employees,Recruitment Consultancy,
16,Working at Your Prime Recruitment,1–4 employees,Sales,"Manchester, United Kingdom"
17,Working at Surrey County Council,"5,000+ employees",Public Sector,"Reigate, United Kingdom"
18,Working at Your Prime Recruitment,1–4 employees,Sales,"Manchester, United Kingdom"
19,Working at The Language Business,1–4 employees,Recruitment Consultancy,
20,Working at Your Prime Recruitment,1–4 employees,Sales,"Manchester, United Kingdom"
21,Working at Sopra Steria,"5,000+ employees",IT & Telecoms,"Hemel Hempstead, United Kingdom"
22,Working at Opinion Groups,100–249 employees,Marketing & PR,
23,Working at REED Marketing & Creative,"2,500–4,999 employees",Marketing & PR,
24,Working at REED Marketing & Creative,"2,500–4,999 employees",Marketing & PR,
25,Working at REED Marketing & Creative,"2,500–4,999 employees",Marketing & PR,
26,Working at Opinion Groups,100–249 employees,Marketing & PR,
27,Working at Opinion Groups,100–249 employees,Marketing & PR,
28,Working at Opinion Groups,100–249 employees,Marketing & PR,
29,Working at Opinion Groups,100–249 employees,Marketing & PR,
30,Working at Opinion Groups,100–249 employees,Marketing & PR,
31,Working at Opinion Groups,100–249 employees,Marketing & PR,
32,Working at Opinion Groups,100–249 employees,Marketing & PR,
33,Working at Opinion Groups,100–249 employees,Marketing & PR,
34,Working at Opinion Groups,100–249 employees,Marketing & PR,
35,Working at Onebright Ltd,500–999 employees,Health & Medicine,"York, United Kingdom"
36,Working at Onebright Ltd,500–999 employees,Health & Medicine,"York, United Kingdom"
37,Working at Opinion Groups,100–249 employees,Marketing & PR,
38,Working at Opinion Groups,100–249 employees,Marketing & PR,
39,Working at Opinion Groups,100–249 employees,Marketing & PR,
40,Working at Opinion Groups,100–249 employees,Marketing & PR,
41,Working at Opinion Groups,100–249 employees,Marketing & PR,
42,Working at Opinion Groups,100–249 employees,Marketing & PR,
43,Working at Opinion Groups,100–249 employees,Marketing & PR,
44,Working at Opinion Groups,100–249 employees,Marketing & PR,
45,Working at Opinion Groups,100–249 employees,Marketing & PR,
46,Working at Opinion Groups,100–249 employees,Marketing & PR,
47,Working at Opinion Groups,100–249 employees,Marketing & PR,
48,Working at Opinion Groups,100–249 employees,Marketing & PR,
49,Working at Opinion Groups,100–249 employees,Marketing & PR,
50,Working at Opinion Groups,100–249 employees,Marketing & PR,
51,Working at Opinion Groups,100–249 employees,Marketing & PR,
52,Working at Opinion Groups,100–249 employees,Marketing & PR,
53,Working at Opinion Groups,100–249 employees,Marketing & PR,
54,Working at Opinion Groups,100–249 employees,Marketing & PR,
55,Working at Opinion Groups,100–249 employees,Marketing & PR,
56,Working at Opinion Groups,100–249 employees,Marketing & PR,
57,Working at Opinion Groups,100–249 employees,Marketing & PR,
58,Working at Opinion Groups,100–249 employees,Marketing & PR,
59,Working at Opinion Groups,100–249 employees,Marketing & PR,
60,Working at Opinion Groups,100–249 employees,Marketing & PR,
61,Working at Opinion Groups,100–249 employees,Marketing & PR,
62,Working at Onebright Ltd,500–999 employees,Health & Medicine,"York, United Kingdom"
63,Working at Onebright Ltd,500–999 employees,Health & Medicine,"York, United Kingdom"
64,Working at Opinion Groups,100–249 employees,Marketing & PR,
65,Working at Opinion Groups,100–249 employees,Marketing & PR,
66,Working at Opinion Groups,100–249 employees,Marketing & PR,
67,Working at Opinion Groups,100–249 employees,Marketing & PR,
68,Working at Opinion Groups,100–249 employees,Marketing & PR,
69,Working at Opinion Groups,100–249 employees,Marketing & PR,
70,Working at Opinion Groups,100–249 employees,Marketing & PR,
71,Working at Opinion Groups,100–249 employees,Marketing & PR,
72,Working at Opinion Groups,100–249 employees,Marketing & PR,
73,Working at Opinion Groups,100–249 employees,Marketing & PR,
74,Working at Opinion Groups,100–249 employees,Marketing & PR,
75,Working at Opinion Groups,100–249 employees,Marketing & PR,
76,Working at Opinion Groups,100–249 employees,Marketing & PR,
77,Working at Opinion Groups,100–249 employees,Marketing & PR,
78,Working at Opinion Groups,100–249 employees,Marketing & PR,
79,Working at Opinion Groups,100–249 employees,Marketing & PR,
80,Working at Opinion Groups,100–249 employees,Marketing & PR,
81,Working at Opinion Groups,100–249 employees,Marketing & PR,
82,Working at Opinion Groups,100–249 employees,Marketing & PR,
83,Working at Opinion Groups,100–249 employees,Marketing & PR,
84,Working at Opinion Groups,100–249 employees,Marketing & PR,
85,Working at Opinion Groups,100–249 employees,Marketing & PR,
86,Working at Opinion Groups,100–249 employees,Marketing & PR,
87,Working at Opinion Groups,100–249 employees,Marketing & PR,
88,Working at Footasylum,"2,500–4,999 employees",Retail,"Rochdale, United Kingdom"
89,Working at Alcumus,500–999 employees,IT & Telecoms,"Cardiff, United Kingdom"
90,Working at Opinion Groups,100–249 employees,Marketing & PR,
91,Working at Opinion Groups,100–249 employees,Marketing & PR,
92,Working at Opinion Groups,100–249 employees,Marketing & PR,
93,Working at Opinion Groups,100–249 employees,Marketing & PR,
94,Working at Opinion Groups,100–249 employees,Marketing & PR,
95,Working at Opinion Groups,100–249 employees,Marketing & PR,
96,Working at Opinion Groups,100–249 employees,Marketing & PR,
97,Working at Opinion Groups,100–249 employees,Marketing & PR,
98,Working at Opinion Groups,100–249 employees,Marketing & PR,
99,Working at Opinion Groups,100–249 employees,Marketing & PR,
100,Working at Opinion Groups,100–249 employees,Marketing & PR,
101,Working at Opinion Groups,100–249 employees,Marketing & PR,
102,Working at Opinion Groups,100–249 employees,Marketing & PR,
103,Working at Opinion Groups,100–249 employees,Marketing & PR,
104,Working at Opinion Groups,100–249 employees,Marketing & PR,
105,Working at Opinion Groups,100–249 employees,Marketing & PR,
106,Working at Opinion Groups,100–249 employees,Marketing & PR,
107,Working at Opinion Groups,100–249 employees,Marketing & PR,
108,Working at Opinion Groups,100–249 employees,Marketing & PR,
109,Working at Opinion Groups,100–249 employees,Marketing & PR,
110,Working at Opinion Groups,100–249 employees,Marketing & PR,
111,Working at Opinion Groups,100–249 employees,Marketing & PR,
112,Working at Opinion Groups,100–249 employees,Marketing & PR,
113,Working at Opinion Groups,100–249 employees,Marketing & PR,
114,Working at Opinion Groups,100–249 employees,Marketing & PR,
115,Working at Optionis Group Ltd,500–999 employees,Accountancy,"Warrington, United Kingdom"
116,Working at Distrelec Ltd,250–499 employees,Retail,"Manchester, United Kingdom"
117,Working at Opinion Groups,100–249 employees,Marketing & PR,
118,Working at Opinion Groups,100–249 employees,Marketing & PR,
119,Working at Opinion Groups,100–249 employees,Marketing & PR,
120,Working at Opinion Groups,100–249 employees,Marketing & PR,
121,Working at Opinion Groups,100–249 employees,Marketing & PR,
122,Working at Opinion Groups,100–249 employees,Marketing & PR,
123,Working at Opinion Groups,100–249 employees,Marketing & PR,
124,Working at Opinion Groups,100–249 employees,Marketing & PR,
125,Working at Opinion Groups,100–249 employees,Marketing & PR,
126,Working at Opinion Groups,100–249 employees,Marketing & PR,
127,Working at Opinion Groups,100–249 employees,Marketing & PR,
128,Working at Opinion Groups,100–249 employees,Marketing & PR,
129,Working at Opinion Groups,100–249 employees,Marketing & PR,
130,Working at Opinion Groups,100–249 employees,Marketing & PR,
131,Working at Opinion Groups,100–249 employees,Marketing & PR,
132,Working at Opinion Groups,100–249 employees,Marketing & PR,
133,Working at Opinion Groups,100–249 employees,Marketing & PR,
134,Working at Opinion Groups,100–249 employees,Marketing & PR,
135,Working at Opinion Groups,100–249 employees,Marketing & PR,
136,Working at Opinion Groups,100–249 employees,Marketing & PR,
137,Working at Opinion Groups,100–249 employees,Marketing & PR,
138,Working at Opinion Groups,100–249 employees,Marketing & PR,
139,Working at Opinion Groups,100–249 employees,Marketing & PR,
140,Working at Opinion Groups,100–249 employees,Marketing & PR,
141,Working at Opinion Groups,100–249 employees,Marketing & PR,
142,Working at Optionis Group Ltd,500–999 employees,Accountancy,"Warrington, United Kingdom"
143,Working at Distrelec Ltd,250–499 employees,Retail,"Manchester, United Kingdom"
144,Working at Opinion Groups,100–249 employees,Marketing & PR,
145,Working at Opinion Groups,100–249 employees,Marketing & PR,
146,Working at Opinion Groups,100–249 employees,Marketing & PR,
147,Working at Opinion Groups,100–249 employees,Marketing & PR,
148,Working at Opinion Groups,100–249 employees,Marketing & PR,
149,Working at Opinion Groups,100–249 employees,Marketing & PR,
150,Working at Opinion Groups,100–249 employees,Marketing & PR,
151,Working at Opinion Groups,100–249 employees,Marketing & PR,
152,Working at Opinion Groups,100–249 employees,Marketing & PR,
153,Working at Opinion Groups,100–249 employees,Marketing & PR,
154,Working at Opinion Groups,100–249 employees,Marketing & PR,
155,Working at Opinion Groups,100–249 employees,Marketing & PR,
156,Working at Opinion Groups,100–249 employees,Marketing & PR,
157,Working at Opinion Groups,100–249 employees,Marketing & PR,
158,Working at Opinion Groups,100–249 employees,Marketing & PR,
159,Working at Opinion Groups,100–249 employees,Marketing & PR,
160,Working at Opinion Groups,100–249 employees,Marketing & PR,
161,Working at Opinion Groups,100–249 employees,Marketing & PR,
162,Working at Opinion Groups,100–249 employees,Marketing & PR,
163,Working at Opinion Groups,100–249 employees,Marketing & PR,
164,Working at Opinion Groups,100–249 employees,Marketing & PR,
165,Working at Opinion Groups,100–249 employees,Marketing & PR,
166,Working at Opinion Groups,100–249 employees,Marketing & PR,
167,Working at Opinion Groups,100–249 employees,Marketing & PR,
168,Working at Opinion Groups,100–249 employees,Marketing & PR,
169,Working at Optionis Group Ltd,500–999 employees,Accountancy,"Warrington, United Kingdom"
170,Working at Distrelec Ltd,250–499 employees,Retail,"Manchester, United Kingdom"
171,Working at Opinion Groups,100–249 employees,Marketing & PR,
172,Working at Opinion Groups,100–249 employees,Marketing & PR,
173,Working at Opinion Groups,100–249 employees,Marketing & PR,
174,Working at Opinion Groups,100–249 employees,Marketing & PR,
175,Working at Opinion Groups,100–249 employees,Marketing & PR,
176,Working at Opinion Groups,100–249 employees,Marketing & PR,
177,Working at Opinion Groups,100–249 employees,Marketing & PR,
178,Working at Opinion Groups,100–249 employees,Marketing & PR,
179,Working at Opinion Groups,100–249 employees,Marketing & PR,
180,Working at Opinion Groups,100–249 employees,Marketing & PR,
181,Working at Opinion Groups,100–249 employees,Marketing & PR,
182,Working at Opinion Groups,100–249 employees,Marketing & PR,
183,Working at Opinion Groups,100–249 employees,Marketing & PR,
184,Working at Opinion Groups,100–249 employees,Marketing & PR,
185,Working at Opinion Groups,100–249 employees,Marketing & PR,
186,Working at Opinion Groups,100–249 employees,Marketing & PR,
187,Working at Opinion Groups,100–249 employees,Marketing & PR,
188,Working at Opinion Groups,100–249 employees,Marketing & PR,
189,Working at Opinion Groups,100–249 employees,Marketing & PR,
190,Working at Opinion Groups,100–249 employees,Marketing & PR,
191,Working at Opinion Groups,100–249 employees,Marketing & PR,
192,Working at Opinion Groups,100–249 employees,Marketing & PR,
193,Working at Opinion Groups,100–249 employees,Marketing & PR,
194,Working at Opinion Groups,100–249 employees,Marketing & PR,
195,Working at Opinion Groups,100–249 employees,Marketing & PR,
196,Working at Onebright Ltd,500–999 employees,Health & Medicine,"York, United Kingdom"
197,Working at Onebright Ltd,500–999 employees,Health & Medicine,"York, United Kingdom"
198,Working at Opinion Groups,100–249 employees,Marketing & PR,
199,Working at Opinion Groups,100–249 employees,Marketing & PR,
200,Working at Opinion Groups,100–249 employees,Marketing & PR,
201,Working at Opinion Groups,100–249 employees,Marketing & PR,
202,Working at Opinion Groups,100–249 employees,Marketing & PR,
203,Working at Opinion Groups,100–249 employees,Marketing & PR,
204,Working at Opinion Groups,100–249 employees,Marketing & PR,
205,Working at Opinion Groups,100–249 employees,Marketing & PR,
206,Working at Opinion Groups,100–249 employees,Marketing & PR,
207,Working at Opinion Groups,100–249 employees,Marketing & PR,
208,Working at Opinion Groups,100–249 employees,Marketing & PR,
209,Working at Opinion Groups,100–249 employees,Marketing & PR,
210,Working at Opinion Groups,100–249 employees,Marketing & PR,
211,Working at Opinion Groups,100–249 employees,Marketing & PR,
212,Working at Opinion Groups,100–249 employees,Marketing & PR,
213,Working at Opinion Groups,100–249 employees,Marketing & PR,
214,Working at Opinion Groups,100–249 employees,Marketing & PR,
215,Working at Opinion Groups,100–249 employees,Marketing & PR,
216,Working at Opinion Groups,100–249 employees,Marketing & PR,
217,Working at Opinion Groups,100–249 employees,Marketing & PR,
218,Working at Opinion Groups,100–249 employees,Marketing & PR,
219,Working at Opinion Groups,100–249 employees,Marketing & PR,
220,Working at Opinion Groups,100–249 employees,Marketing & PR,
221,Working at Opinion Groups,100–249 employees,Marketing & PR,
222,Working at Opinion Groups,100–249 employees,Marketing & PR,
223,Working at Onebright Ltd,500–999 employees,Health & Medicine,"York, United Kingdom"
224,Working at Onebright Ltd,500–999 employees,Health & Medicine,"York, United Kingdom"
225,Working at Opinion Groups,100–249 employees,Marketing & PR,
226,Working at Opinion Groups,100–249 employees,Marketing & PR,
227,Working at Opinion Groups,100–249 employees,Marketing & PR,
228,Working at Opinion Groups,100–249 employees,Marketing & PR,
229,Working at Opinion Groups,100–249 employees,Marketing & PR,
230,Working at Opinion Groups,100–249 employees,Marketing & PR,
231,Working at The Language Business,1–4 employees,Recruitment Consultancy,
232,Working at TPP Recruitment,50–99 employees,Recruitment Consultancy,"London, United Kingdom"
233,Working at AWD online,5–9 employees,Recruitment Consultancy,
234,Working at Sanctuary Personnel,100–249 employees,Recruitment Consultancy,"Ipswich, United Kingdom"
235,Working at Footasylum,"2,500–4,999 employees",Retail,"Rochdale, United Kingdom"
236,Working at Alcumus,500–999 employees,IT & Telecoms,"Cardiff, United Kingdom"
237,Working at REED Human Resources,"2,500–4,999 employees",Human Resources,
238,Working at REED Human Resources,"2,500–4,999 employees",Human Resources,
239,Working at Resource Matters,10–19 employees,Recruitment Consultancy,
240,Working at REED Human Resources,"2,500–4,999 employees",Human Resources,
241,Working at Prism Executive Recruitment,10–19 employees,Recruitment Consultancy,
242,Working at REED Human Resources,"2,500–4,999 employees",Human Resources,
243,Working at TPP Recruitment,50–99 employees,Recruitment Consultancy,"London, United Kingdom"
244,Working at D R Newitt Recruitment Limited,20–49 employees,Recruitment Consultancy,"Edinburgh, UK"
245,Working at REED Human Resources,"2,500–4,999 employees",Human Resources,
246,Working at Resource Matters,10–19 employees,Recruitment Consultancy,
247,Working at Carnival UK,"5,000+ employees",Leisure & Tourism,"Southampton, United Kingdom"
248,Working at Ithika Recruitment Ltd,1–4 employees,Recruitment Consultancy,"Colchester, United Kingdom"
249,Working at NFP People Limited,5–9 employees,Recruitment Consultancy,"Olney, United Kingdom"
250,Working at Footasylum,"2,500–4,999 employees",Retail,"Rochdale, United Kingdom"
251,Working at Alcumus,500–999 employees,IT & Telecoms,"Cardiff, United Kingdom"
252,Working at Research Tribe,1–4 employees,Marketing & PR,United Kingdom
253,Working at Research Tribe,1–4 employees,Marketing & PR,United Kingdom
254,Working at Research Tribe,1–4 employees,Marketing & PR,United Kingdom
255,Working at Research Tribe,1–4 employees,Marketing & PR,United Kingdom
256,Working at Research Tribe,1–4 employees,Marketing & PR,United Kingdom
257,Working at Research Tribe,1–4 employees,Marketing & PR,United Kingdom
258,Working at Research Tribe,1–4 employees,Marketing & PR,United Kingdom
259,Working at Research Tribe,1–4 employees,Marketing & PR,United Kingdom
260,Working at Research Tribe,1–4 employees,Marketing & PR,United Kingdom
261,Working at Research Tribe,1–4 employees,Marketing & PR,United Kingdom
262,Working at Research Tribe,1–4 employees,Marketing & PR,United Kingdom
263,Working at Research Tribe,1–4 employees,Marketing & PR,United Kingdom
264,Working at Research Tribe,1–4 employees,Marketing & PR,United Kingdom
265,Working at Research Tribe,1–4 employees,Marketing & PR,United Kingdom
266,Working at Research Tribe,1–4 employees,Marketing & PR,United Kingdom
267,Working at Research Tribe,1–4 employees,Marketing & PR,United Kingdom
268,Working at Research Tribe,1–4 employees,Marketing & PR,United Kingdom
269,Working at IN4.0 TALENT LIMITED,5–9 employees,IT & Telecoms,
270,Working at Client Server Ltd.,50–99 employees,IT & Telecoms,
271,Working at Research Tribe,1–4 employees,Marketing & PR,United Kingdom
272,Working at Research Tribe,1–4 employees,Marketing & PR,United Kingdom
273,Working at Onebright Ltd,500–999 employees,Health & Medicine,"York, United Kingdom"
274,Working at Onebright Ltd,500–999 employees,Health & Medicine,"York, United Kingdom"
275,Working at Research Tribe,1–4 employees,Marketing & PR,United Kingdom
276,Working at Research Tribe,1–4 employees,Marketing & PR,United Kingdom
277,Working at Research Tribe,1–4 employees,Marketing & PR,United Kingdom
278,Working at Research Tribe,1–4 employees,Marketing & PR,United Kingdom
279,Working at Research Tribe,1–4 employees,Marketing & PR,United Kingdom
280,Working at Research Tribe,1–4 employees,Marketing & PR,United Kingdom
281,Working at Research Tribe,1–4 employees,Marketing & PR,United Kingdom
282,Working at Research Tribe,1–4 employees,Marketing & PR,United Kingdom
283,Working at Research Tribe,1–4 employees,Marketing & PR,United Kingdom
284,Working at Research Tribe,1–4 employees,Marketing & PR,United Kingdom
285,Working at Research Tribe,1–4 employees,Marketing & PR,United Kingdom
286,Working at Research Tribe,1–4 employees,Marketing & PR,United Kingdom
287,Working at Research Tribe,1–4 employees,Marketing & PR,United Kingdom
288,Working at Research Tribe,1–4 employees,Marketing & PR,United Kingdom
289,Working at INTEC SELECT LIMITED,10–19 employees,IT & Telecoms,"Maidstone, United Kingdom"
290,Working at Research Tribe,1–4 employees,Marketing & PR,United Kingdom
291,Working at Research Tribe,1–4 employees,Marketing & PR,United Kingdom
292,Working at Research Tribe,1–4 employees,Marketing & PR,United Kingdom
293,Working at Research Tribe,1–4 employees,Marketing & PR,United Kingdom
294,Working at Research Tribe,1–4 employees,Marketing & PR,United Kingdom
295,Working at Henderson Scott,50–99 employees,Recruitment Consultancy,"Amersham, United Kingdom"
296,Working at Circle Recruitment,20–49 employees,IT & Telecoms,
297,Working at Research Tribe,1–4 employees,Marketing & PR,United Kingdom
298,Working at Footasylum,"2,500–4,999 employees",Retail,"Rochdale, United Kingdom"
299,Working at Alcumus,500–999 employees,IT & Telecoms,"Cardiff, United Kingdom"
300,Working at Research Tribe,1–4 employees,Marketing & PR,United Kingdom
301,Working at Research Tribe,1–4 employees,Marketing & PR,United Kingdom
302,Working at Research Tribe,1–4 employees,Marketing & PR,United Kingdom
303,Working at Research Tribe,1–4 employees,Marketing & PR,United Kingdom
304,Working at Research Tribe,1–4 employees,Marketing & PR,United Kingdom
305,Working at Research Tribe,1–4 employees,Marketing & PR,United Kingdom
306,Working at Research Tribe,1–4 employees,Marketing & PR,United Kingdom
307,Working at Research Tribe,1–4 employees,Marketing & PR,United Kingdom
308,Working at Research Tribe,1–4 employees,Marketing & PR,United Kingdom
309,Working at Research Tribe,1–4 employees,Marketing & PR,United Kingdom
310,Working at Research Tribe,1–4 employees,Marketing & PR,United Kingdom
311,Working at Research Tribe,1–4 employees,Marketing & PR,United Kingdom
312,Working at Research Tribe,1–4 employees,Marketing & PR,United Kingdom
313,Working at Research Tribe,1–4 employees,Marketing & PR,United Kingdom
314,Working at Research Tribe,1–4 employees,Marketing & PR,United Kingdom
315,Working at Research Tribe,1–4 employees,Marketing & PR,United Kingdom
316,Working at Research Tribe,1–4 employees,Marketing & PR,United Kingdom
317,Working at Research Tribe,1–4 employees,Marketing & PR,United Kingdom
318,Working at Prospect Us,50–99 employees,Recruitment Consultancy,"London, United Kingdom"
319,Working at Onebright Ltd,500–999 employees,Health & Medicine,"York, United Kingdom"
320,Working at Onebright Ltd,500–999 employees,Health & Medicine,"York, United Kingdom"
321,Working at Harris Lush Consulting Ltd,1–4 employees,Construction & Property,
322,Working at Research Tribe,1–4 employees,Marketing & PR,United Kingdom
323,Working at Research Tribe,1–4 employees,Marketing & PR,United Kingdom
324,Working at Research Tribe,1–4 employees,Marketing & PR,United Kingdom
325,Working at Research Tribe,1–4 employees,Marketing & PR,United Kingdom
326,Working at Research Tribe,1–4 employees,Marketing & PR,United Kingdom
327,Working at Research Tribe,1–4 employees,Marketing & PR,United Kingdom
328,Working at Research Tribe,1–4 employees,Marketing & PR,United Kingdom
329,Working at Research Tribe,1–4 employees,Marketing & PR,United Kingdom
330,Working at Research Tribe,1–4 employees,Marketing & PR,United Kingdom
331,Working at Research Tribe,1–4 employees,Marketing & PR,United Kingdom
332,Working at Research Tribe,1–4 employees,Marketing & PR,United Kingdom
333,Working at Research Tribe,1–4 employees,Marketing & PR,United Kingdom
334,Working at Dovetail & Slate,50–99 employees,Education,"Bradley Stoke, United Kingdom"
335,Working at Research Tribe,1–4 employees,Marketing & PR,United Kingdom
336,Working at Research Tribe,1–4 employees,Marketing & PR,United Kingdom
337,Working at Research Tribe,1–4 employees,Marketing & PR,United Kingdom
338,Working at Research Tribe,1–4 employees,Marketing & PR,United Kingdom
339,Working at Research Tribe,1–4 employees,Marketing & PR,United Kingdom
340,Working at Research Tribe,1–4 employees,Marketing & PR,United Kingdom
341,Working at Research Tribe,1–4 employees,Marketing & PR,United Kingdom
342,Working at Research Tribe,1–4 employees,Marketing & PR,United Kingdom
343,Working at Research Tribe,1–4 employees,Marketing & PR,United Kingdom
344,Working at Optionis Group Ltd,500–999 employees,Accountancy,"Warrington, United Kingdom"
345,Working at Distrelec Ltd,250–499 employees,Retail,"Manchester, United Kingdom"
346,Working at Research Tribe,1–4 employees,Marketing & PR,United Kingdom
347,Working at Research Tribe,1–4 employees,Marketing & PR,United Kingdom
348,Working at Research Tribe,1–4 employees,Marketing & PR,United Kingdom
349,Working at Client Server Ltd.,50–99 employees,IT & Telecoms,
350,Working at TELUS International AI Inc. ,500–999 employees,Other,
351,Working at Research Tribe,1–4 employees,Marketing & PR,United Kingdom
352,Working at Research Tribe,1–4 employees,Marketing & PR,United Kingdom
353,Working at Research Tribe,1–4 employees,Marketing & PR,United Kingdom
354,Working at Research Tribe,1–4 employees,Marketing & PR,United Kingdom
355,Working at Research Tribe,1–4 employees,Marketing & PR,United Kingdom
356,Working at Research Tribe,1–4 employees,Marketing & PR,United Kingdom
357,Working at Research Tribe,1–4 employees,Marketing & PR,United Kingdom
358,Working at Research Tribe,1–4 employees,Marketing & PR,United Kingdom
359,Working at Research Tribe,1–4 employees,Marketing & PR,United Kingdom
360,Working at Proactive Appointments,20–49 employees,Recruitment Consultancy,
361,Working at Research Tribe,1–4 employees,Marketing & PR,United Kingdom
362,Working at Research Tribe,1–4 employees,Marketing & PR,United Kingdom
363,Working at Research Tribe,1–4 employees,Marketing & PR,United Kingdom
364,Working at Research Tribe,1–4 employees,Marketing & PR,United Kingdom
365,Working at Research Tribe,1–4 employees,Marketing & PR,United Kingdom
366,Working at Research Tribe,1–4 employees,Marketing & PR,United Kingdom
367,Working at phs Group Limited,"2,500–4,999 employees",Other,"Caerphilly, United Kingdom"
368,Working at Handepay Merchant Services,100–249 employees,Financial Services,"Haydock, United Kingdom"
369,Working at Research Tribe,1–4 employees,Marketing & PR,United Kingdom
370,Working at Research Tribe,1–4 employees,Marketing & PR,United Kingdom
371,Working at Research Tribe,1–4 employees,Marketing & PR,United Kingdom
372,Working at Proactive Appointments,20–49 employees,Recruitment Consultancy,
373,Working at Aldena Associates Ltd,1–4 employees,Recruitment Consultancy,
374,Working at Sydney Maurice Recruitment Ltd,1–4 employees,Recruitment Consultancy,"England, United Kingdom"
375,Working at Proactive Appointments,20–49 employees,Recruitment Consultancy,
376,Working at New Appointments Group,20–49 employees,Recruitment Consultancy,"Sandwich, United Kingdom"
377,Working at MBDA,"5,000+ employees",Other,
378,Working at Client Server Ltd.,50–99 employees,IT & Telecoms,
379,Working at Simply Business,500–999 employees,Financial Services,"London, United Kingdom"
380,Working at Onebright Ltd,500–999 employees,Health & Medicine,"York, United Kingdom"
381,Working at Onebright Ltd,500–999 employees,Health & Medicine,"York, United Kingdom"
382,Working at Jobwise Ltd,20–49 employees,Recruitment Consultancy,"Bolton, United Kingdom"
383,Working at Profile Resourcing Limited,1–4 employees,Recruitment Consultancy,
384,Working at Nominet,100–249 employees,IT & Telecoms,
385,Working at Robert Webb Recruitment,1–4 employees,Recruitment Consultancy,"England, United Kingdom"
386,Working at Castlefield Recruitment,20–49 employees,Recruitment Consultancy,"Manchester, United Kingdom"
387,Working at Liquid Personnel,100–249 employees,Recruitment Consultancy,"Manchester, United Kingdom"
388,Working at REED Legal,"2,500–4,999 employees",Legal,
389,Working at Quarsh,10–19 employees,Recruitment Consultancy,"The Royal Town of Sutton Coldfield, United Kingdom"
390,Working at REED Legal,"2,500–4,999 employees",Legal,
391,Working at New Appointments Group,20–49 employees,Recruitment Consultancy,"Sandwich, United Kingdom"
392,Working at REED Legal,"2,500–4,999 employees",Legal,
393,Working at ITECCO,50–99 employees,IT & Telecoms,
394,Working at Footasylum,"2,500–4,999 employees",Retail,"Rochdale, United Kingdom"
395,Working at Alcumus,500–999 employees,IT & Telecoms,"Cardiff, United Kingdom"
396,Working at ITECCO,50–99 employees,IT & Telecoms,
397,Working at Vision-FS Recruitment,10–19 employees,Financial Services,"London, United Kingdom"
398,Working at REED Legal,"2,500–4,999 employees",Legal,
399,Working at ITECCO,50–99 employees,IT & Telecoms,
400,Working at Vision-FS Recruitment,10–19 employees,Financial Services,"London, United Kingdom"
401,Working at Equiniti,"2,500–4,999 employees",Other,"London, United Kingdom"
402,Working at Vision-FS Recruitment,10–19 employees,Financial Services,"London, United Kingdom"
403,Working at REED Legal,"2,500–4,999 employees",Legal,
404,Working at Vision-FS Recruitment,10–19 employees,Financial Services,"London, United Kingdom"
405,Working at REED Legal,"2,500–4,999 employees",Legal,
406,Working at REED Legal,"2,500–4,999 employees",Legal,
407,Working at Netwirking Ltd,10–19 employees,Recruitment Consultancy,"Newcastle upon Tyne, United Kingdom"
408,Working at REED Property & Construction,"2,500–4,999 employees",Construction & Property,
409,Working at Marks Sattin recruitment,100–249 employees,Accountancy,"London, United Kingdom"
410,Working at REED Legal,"2,500–4,999 employees",Legal,
